City_ID,City,Lat,Lng,Max Temp,Humidity,Cloudiness,Wind Speed,Country,Date
0,New Norfolk,-42.7826,147.0587,64.92,63,97,3.0,AU,2022-01-28 22:09:12
1,Busselton,-33.65,115.3333,65.05,64,11,7.7,AU,2022-01-28 22:12:14
2,Puerto Ayora,-0.7393,-90.3518,80.56,76,66,9.66,EC,2022-01-28 22:14:12
3,Yellowknife,62.456,-114.3525,0.41,96,100,7.85,CA,2022-01-28 22:14:12
4,Punta Arenas,-53.15,-70.9167,71.71,20,0,13.8,CL,2022-01-28 22:13:51
5,Pance,15.6885,120.6201,73.44,90,93,0.51,PH,2022-01-28 22:14:12
6,Cidreira,-30.1811,-50.2056,71.91,63,70,12.44,BR,2022-01-28 22:14:13
7,Oktyabrskiy,54.4815,53.471,6.31,97,100,2.24,RU,2022-01-28 22:14:13
8,Albany,42.6001,-73.9662,30.15,75,100,6.44,US,2022-01-28 22:10:30
9,Mitu,1.1983,-70.1733,81.97,55,72,2.33,CO,2022-01-28 22:10:01
10,Rikitea,-23.1203,-134.9692,78.06,70,100,15.64,PF,2022-01-28 22:14:14
11,Huarmey,-10.0681,-78.1522,72.19,79,100,8.95,PE,2022-01-28 22:14:14
12,Atuona,-9.8,-139.0333,77.79,71,11,15.17,PF,2022-01-28 22:10:26
13,Hami,42.8,93.45,21.09,52,0,4.94,CN,2022-01-28 22:14:15
14,Paamiut,61.994,-49.6678,23.59,87,100,25.1,GL,2022-01-28 22:14:15
15,Butaritari,3.0707,172.7902,81.93,79,64,17.74,KI,2022-01-28 22:10:30
16,Caceres,39.522,-6.3748,44.8,41,0,7.65,ES,2022-01-28 22:14:16
17,Mataura,-46.1927,168.8643,65.48,45,96,3.96,NZ,2022-01-28 22:14:16
18,Yaan,7.3833,8.5667,82.36,18,99,7.78,NG,2022-01-28 22:14:17
19,Abha,18.2164,42.5053,50.25,87,0,0.0,SA,2022-01-28 22:14:17
20,La Asuncion,11.0333,-63.8628,77.16,78,1,13.69,VE,2022-01-28 22:14:17
21,Lebu,-37.6167,-73.65,64.38,77,2,5.73,CL,2022-01-28 22:14:18
22,Hithadhoo,-0.6,73.0833,80.31,63,50,5.99,MV,2022-01-28 22:14:18
23,Bouca,6.5105,18.2733,73.38,22,26,4.7,CF,2022-01-28 22:14:18
24,Zhigansk,66.7697,123.3711,-11.45,96,90,17.18,RU,2022-01-28 22:14:19
25,Dubrovnik,42.6481,18.0922,46.04,36,0,9.22,HR,2022-01-28 22:14:19
26,Mahebourg,-20.4081,57.7,77.25,82,20,9.44,MU,2022-01-28 22:13:14
27,Bandarbeyla,9.4942,50.8122,74.37,76,64,20.09,SO,2022-01-28 22:14:20
28,Avarua,-21.2078,-159.775,82.45,74,20,12.66,CK,2022-01-28 22:11:06
29,Kapaa,22.0752,-159.319,80.11,66,0,1.01,US,2022-01-28 22:13:28
30,Kununurra,-15.7667,128.7333,78.78,94,100,6.91,AU,2022-01-28 22:14:20
31,Carahue,-38.7,-73.1667,71.8,53,0,8.48,CL,2022-01-28 22:14:21
32,Talnakh,69.4865,88.3972,1.2,93,100,12.21,RU,2022-01-28 22:14:21
33,Narsaq,60.9167,-46.05,19.62,95,100,7.52,GL,2022-01-28 22:11:41
34,Saskylakh,71.9167,114.0833,-0.04,90,100,6.08,RU,2022-01-28 22:14:22
35,Grindavik,63.8424,-22.4338,25.27,74,100,24.16,IS,2022-01-28 22:13:26
36,Bardiyah,31.7561,25.0865,53.13,79,29,11.03,LY,2022-01-28 22:13:13
37,Tolbazy,54.0241,55.8825,0.36,97,98,1.72,RU,2022-01-28 22:14:23
38,Atar,20.5169,-13.0499,72.82,21,100,6.62,MR,2022-01-28 22:14:23
39,Manacapuru,-3.2997,-60.6206,79.38,90,100,0.92,BR,2022-01-28 22:14:23
40,Vaini,-21.2,-175.2,82.38,79,98,19.19,TO,2022-01-28 22:14:24
41,Arraial Do Cabo,-22.9661,-42.0278,77.47,89,96,10.22,BR,2022-01-28 22:14:24
42,Bluff,-46.6,168.3333,58.17,69,92,6.13,NZ,2022-01-28 22:14:25
43,Castro,-24.7911,-50.0119,61.0,99,100,7.47,BR,2022-01-28 22:10:39
44,Dikson,73.5069,80.5464,3.24,94,100,18.63,RU,2022-01-28 22:14:30
45,Qaanaaq,77.484,-69.3632,-12.82,61,5,8.46,GL,2022-01-28 22:14:30
46,Gbadolite,4.2833,21.0167,74.55,30,6,1.23,CD,2022-01-28 22:14:31
47,Port Elizabeth,-33.918,25.5701,65.1,82,75,12.66,ZA,2022-01-28 22:14:31
48,Airai,-8.9266,125.4092,60.42,92,100,2.82,TL,2022-01-28 22:14:32
49,Nanortalik,60.1432,-45.2371,25.43,84,100,7.74,GL,2022-01-28 22:12:20
50,Jamestown,42.097,-79.2353,19.09,59,100,4.0,US,2022-01-28 22:14:32
51,Hobart,-42.8794,147.3294,65.26,77,40,16.11,AU,2022-01-28 22:14:33
52,Novosheshminsk,55.0651,51.2338,17.89,91,100,6.2,RU,2022-01-28 22:14:33
53,Wasilla,61.5814,-149.4394,28.29,75,100,0.0,US,2022-01-28 22:14:33
54,Ushuaia,-54.8,-68.3,64.06,48,40,2.3,AR,2022-01-28 22:11:34
55,Taltal,-25.4,-70.4833,68.32,73,31,7.11,CL,2022-01-28 22:12:20
56,Lugoba,-6.45,38.3333,71.83,97,98,3.22,TZ,2022-01-28 22:14:34
57,Half Moon Bay,37.4636,-122.4286,70.59,44,0,5.75,US,2022-01-28 22:14:35
58,Hilo,19.7297,-155.09,78.8,80,21,7.0,US,2022-01-28 22:11:58
59,Cabo San Lucas,22.8909,-109.9124,82.62,54,0,8.01,MX,2022-01-28 22:14:35
60,Mulchen,-37.7167,-72.2333,73.26,23,0,8.79,CL,2022-01-28 22:14:35
61,Bethel,41.3712,-73.414,31.17,85,100,2.93,US,2022-01-28 22:14:36
62,Sisimiut,66.9395,-53.6735,18.19,75,100,16.96,GL,2022-01-28 22:14:36
63,Husavik,66.0449,-17.3389,28.31,92,92,36.69,IS,2022-01-28 22:14:36
64,Tasiilaq,65.6145,-37.6368,12.36,69,59,6.73,GL,2022-01-28 22:10:22
65,Muisne,0.6,-80.0333,78.91,87,80,6.62,EC,2022-01-28 22:09:41
66,Georgetown,5.4112,100.3354,81.9,87,20,0.0,MY,2022-01-28 22:11:25
67,Batu,-7.87,112.5283,66.85,93,100,1.14,ID,2022-01-28 22:14:37
68,Barrow,71.2906,-156.7887,-9.38,70,100,14.97,US,2022-01-28 22:14:38
69,Fortuna,40.5982,-124.1573,65.86,36,20,0.0,US,2022-01-28 22:12:16
70,Gornyy,55.1153,83.9059,-7.19,100,98,4.36,RU,2022-01-28 22:14:38
71,Adrar,20.5022,-10.0711,73.54,12,100,2.59,MR,2022-01-28 22:14:39
72,Kismayo,-0.3582,42.5454,77.32,81,84,14.99,SO,2022-01-28 22:14:39
73,Hermanus,-34.4187,19.2345,62.8,76,0,11.07,ZA,2022-01-28 22:12:12
74,Karratha,-20.7377,116.8463,78.31,73,32,8.86,AU,2022-01-28 22:14:40
75,Christiana,-27.914,25.1611,69.93,63,43,6.11,ZA,2022-01-28 22:14:40
76,Sao Filipe,14.8961,-24.4956,71.71,70,93,11.07,CV,2022-01-28 22:12:18
77,Ribeira Grande,38.5167,-28.7,58.89,61,72,7.85,PT,2022-01-28 22:14:41
78,Altayskoye,51.9533,85.3325,1.09,82,17,6.2,RU,2022-01-28 22:14:41
79,Khatanga,71.9667,102.5,-1.62,87,100,5.01,RU,2022-01-28 22:14:41
80,Lorengau,-2.0226,147.2712,81.48,82,100,6.22,PG,2022-01-28 22:14:42
81,Victoria,22.2855,114.1577,66.38,87,81,4.0,HK,2022-01-28 22:12:28
82,Saint-Philippe,-21.3585,55.7679,74.79,74,10,5.44,RE,2022-01-28 22:14:42
83,Chuy,-33.6971,-53.4616,68.7,64,56,7.38,UY,2022-01-28 22:14:43
84,San Juan,-31.5375,-68.5364,88.18,32,8,11.01,AR,2022-01-28 22:10:42
85,Ancud,-41.8697,-73.8203,76.53,62,0,9.53,CL,2022-01-28 22:14:43
86,Severo-Kurilsk,50.6789,156.125,23.83,83,100,29.46,RU,2022-01-28 22:14:49
87,Bonavista,48.6499,-53.1147,27.12,70,100,14.16,CA,2022-01-28 22:12:40
88,Aquiraz,-3.9014,-38.3911,77.22,93,100,9.91,BR,2022-01-28 22:14:49
89,Ponta Do Sol,32.6667,-17.1,61.72,60,68,7.49,PT,2022-01-28 22:12:15
90,Vannes,47.8333,-2.5,47.66,84,57,3.24,FR,2022-01-28 22:14:50
91,Cherskiy,68.75,161.3,-11.42,93,100,1.86,RU,2022-01-28 22:14:50
92,Srednekolymsk,67.45,153.6833,-12.15,94,100,2.28,RU,2022-01-28 22:12:16
93,Souillac,-20.5167,57.5167,77.36,84,35,8.34,MU,2022-01-28 22:11:49
94,Port Alfred,-33.5906,26.891,66.87,78,14,9.51,ZA,2022-01-28 22:14:51
95,Traralgon,-38.1833,146.5333,67.41,99,100,2.08,AU,2022-01-28 22:14:51
96,Provideniya,64.3833,-173.3,-1.21,98,18,3.27,RU,2022-01-28 22:14:52
97,Lagoa,39.05,-27.9833,57.78,57,87,12.59,PT,2022-01-28 22:14:52
98,Suntar,62.1444,117.6319,-12.06,96,31,6.02,RU,2022-01-28 22:14:52
99,Ribeira Brava,32.65,-17.0667,63.23,61,67,8.32,PT,2022-01-28 22:14:53
100,Rio Grande,-32.035,-52.0986,73.94,60,14,11.79,BR,2022-01-28 22:10:29
101,Nikolskoye,59.7035,30.7861,24.69,96,100,6.31,RU,2022-01-28 22:10:22
102,Amahai,-3.3333,128.9167,78.96,81,100,5.5,ID,2022-01-28 22:14:53
103,Tuatapere,-46.1333,167.6833,64.47,51,92,4.63,NZ,2022-01-28 22:14:54
104,Kailua,21.4022,-157.7394,82.08,67,5,3.0,US,2022-01-28 22:14:54
105,Ofunato,39.0717,141.7167,29.46,70,9,13.18,JP,2022-01-28 22:14:55
106,Berlevag,70.8578,29.0864,31.95,59,75,14.97,NO,2022-01-28 22:14:55
107,Muli,2.9167,73.5667,79.99,67,60,11.3,MV,2022-01-28 22:14:55
108,Celestun,20.8667,-90.4,75.94,71,78,16.69,MX,2022-01-28 22:14:56
109,Yeppoon,-23.1333,150.7333,76.78,79,80,13.8,AU,2022-01-28 22:14:56
110,Coquimbo,-29.9533,-71.3436,67.73,68,0,10.36,CL,2022-01-28 22:14:56
111,Chokurdakh,70.6333,147.9167,-31.41,96,95,2.59,RU,2022-01-28 22:14:57
112,Avera,33.194,-82.5271,51.75,52,100,9.93,US,2022-01-28 22:14:57
113,Muyezerskiy,63.9333,31.65,10.33,96,100,5.06,RU,2022-01-28 22:14:57
114,Mlowo,-9.0,32.9833,60.93,94,100,2.8,TZ,2022-01-28 22:14:58
115,Pevek,69.7008,170.3133,-17.16,100,36,2.59,RU,2022-01-28 22:14:58
116,Yamada,39.4667,141.95,28.83,58,1,4.72,JP,2022-01-28 22:14:16
117,Orsk,51.2049,58.5668,7.7,92,0,6.71,RU,2022-01-28 22:14:59
118,Sola,-13.8833,167.55,79.57,84,100,20.42,VU,2022-01-28 22:14:59
119,Tuktoyaktuk,69.4541,-133.0374,-18.4,76,75,17.27,CA,2022-01-28 22:15:00
120,Basoko,1.2391,23.616,74.7,69,91,3.15,CD,2022-01-28 22:10:34
121,Mbaiki,3.8678,17.9892,74.32,29,17,2.75,CF,2022-01-28 22:15:00
122,Ciro Marina,39.3732,17.126,46.42,75,100,20.49,IT,2022-01-28 22:15:01
123,Jacareacanga,-6.2222,-57.7528,75.29,96,99,1.45,BR,2022-01-28 22:15:01
124,Kinsale,51.7075,-8.5306,52.23,100,100,11.5,IE,2022-01-28 22:15:02
125,Mirnyy,62.5353,113.9611,-17.77,75,64,8.99,RU,2022-01-28 22:15:02
126,Clyde River,70.4692,-68.5914,-12.66,95,100,28.48,CA,2022-01-28 22:12:11
127,Mitsamiouli,-11.3847,43.2844,80.78,72,93,4.45,KM,2022-01-28 22:15:03
128,Balakliya,49.4627,36.8595,32.83,95,100,10.27,UA,2022-01-28 22:15:09
129,Djibo,14.1022,-1.6306,73.63,18,1,10.51,BF,2022-01-28 22:15:09
130,Bagua Grande,-5.7561,-78.4411,76.89,82,100,0.65,PE,2022-01-28 22:15:10
131,East London,-33.0153,27.9116,69.85,78,58,12.15,ZA,2022-01-28 22:15:10
132,Cape Town,-33.9258,18.4232,67.26,72,0,5.99,ZA,2022-01-28 22:13:32
133,Kapit,2.0167,112.9333,72.93,98,100,0.56,MY,2022-01-28 22:15:10
134,Tambacounda,13.7539,-13.7586,84.25,21,0,4.61,SN,2022-01-28 22:15:11
135,Ust-Nera,64.5667,143.2,-10.14,97,100,1.92,RU,2022-01-28 22:15:11
136,Isangel,-19.55,169.2667,78.44,89,93,17.02,VU,2022-01-28 22:15:12
137,Mar Del Plata,-38.0023,-57.5575,71.62,73,0,20.0,AR,2022-01-28 22:14:32
138,Goderich,43.7501,-81.7165,10.9,66,53,8.05,CA,2022-01-28 22:15:12
139,Sampit,-2.5333,112.95,71.42,97,99,1.5,ID,2022-01-28 22:15:13
140,Turayf,31.6725,38.6637,37.65,93,0,4.61,SA,2022-01-28 22:15:13
141,Luanda,-8.8368,13.2343,78.87,83,69,8.68,AO,2022-01-28 22:14:27
142,Praia Da Vitoria,38.7333,-27.0667,59.25,82,40,12.06,PT,2022-01-28 22:15:14
143,Yar-Sale,66.8333,70.8333,-12.64,100,81,7.16,RU,2022-01-28 22:13:28
144,Alta Floresta,-9.8756,-56.0861,73.35,95,100,1.97,BR,2022-01-28 22:15:14
145,Margate,51.3813,1.3862,47.97,83,99,5.01,GB,2022-01-28 22:15:14
146,Caravelas,-17.7125,-39.2481,78.13,79,5,8.5,BR,2022-01-28 22:15:15
147,Buraydah,26.326,43.975,52.25,35,95,12.17,SA,2022-01-28 22:15:15
148,Merauke,-8.4667,140.3333,81.03,83,100,8.63,ID,2022-01-28 22:15:15
149,Inhambane,-23.865,35.3833,75.96,81,5,6.04,MZ,2022-01-28 22:15:16
150,Vila Velha,-20.3297,-40.2925,80.55,84,40,8.99,BR,2022-01-28 22:15:16
151,Moers,51.45,6.65,44.31,90,75,13.8,DE,2022-01-28 22:15:17
152,Portland,45.5234,-122.6762,52.68,52,40,4.0,US,2022-01-28 22:11:37
153,Bredasdorp,-34.5322,20.0403,62.28,62,64,10.54,ZA,2022-01-28 22:12:02
154,Bambous Virieux,-20.3428,57.7575,77.22,81,23,9.57,MU,2022-01-28 22:13:25
155,Aranda De Duero,41.6704,-3.6892,38.64,39,0,6.04,ES,2022-01-28 22:15:18
156,Severnyy,50.677,36.5532,30.24,100,100,8.95,RU,2022-01-28 22:15:18
157,Coihaique,-45.5752,-72.0662,82.35,18,0,9.22,CL,2022-01-28 22:15:18
158,Kruisfontein,-34.0033,24.7314,62.89,87,12,6.58,ZA,2022-01-28 22:15:19
159,Perwez,50.6167,4.8167,41.2,94,100,12.66,BE,2022-01-28 22:15:19
160,Raudeberg,61.9875,5.1352,43.95,87,100,18.01,NO,2022-01-28 22:11:24
161,Dzaoudzi,-12.7887,45.2699,78.69,89,0,3.44,YT,2022-01-28 22:15:19
162,La Ronge,55.1001,-105.2842,10.65,79,100,11.5,CA,2022-01-28 22:15:20
163,Vallenar,-28.5708,-70.7581,78.49,42,0,8.14,CL,2022-01-28 22:15:20
164,Geraldton,-28.7667,114.6,70.21,83,0,6.91,AU,2022-01-28 22:15:21
165,Rawson,-43.3002,-65.1023,72.27,66,12,18.9,AR,2022-01-28 22:15:21
166,Mayskiy,47.6931,40.1025,33.21,98,100,14.12,RU,2022-01-28 22:15:21
167,Hvide Sande,56.0045,8.1294,43.09,90,100,27.16,DK,2022-01-28 22:15:22
168,Vao,-22.6667,167.4833,77.72,84,100,19.82,NC,2022-01-28 22:15:22
169,Ambulu,-8.345,113.6058,75.42,86,100,2.3,ID,2022-01-28 22:15:22
170,Santa Rosa,14.3122,121.1114,78.78,89,5,3.87,PH,2022-01-28 22:15:23
171,Necochea,-38.5473,-58.7368,72.36,61,0,12.66,AR,2022-01-28 22:12:23
172,Takoradi,4.8845,-1.7554,79.88,81,55,5.19,GH,2022-01-28 22:15:23
173,Tevaitoa,-16.7833,-151.5,81.21,75,9,17.45,PF,2022-01-28 22:15:24
174,Bathsheba,13.2167,-59.5167,77.61,89,40,10.36,BB,2022-01-28 22:15:24
175,Lithakia,37.7167,20.8333,47.59,72,100,2.3,GR,2022-01-28 22:15:29
176,Douglas,41.3,-96.167,36.14,43,0,5.01,US,2022-01-28 22:15:30
177,West Bay,19.3667,-81.4167,82.47,70,20,5.99,KY,2022-01-28 22:15:30
178,Touros,-5.1989,-35.4608,76.1,73,77,5.93,BR,2022-01-28 22:15:31
179,Fram,-26.9833,-55.8833,88.39,39,31,9.75,PY,2022-01-28 22:15:31
180,Zhaotong,27.3167,103.7167,26.85,80,100,7.27,CN,2022-01-28 22:15:31
181,Dunedin,-45.8742,170.5036,64.62,64,100,3.4,NZ,2022-01-28 22:15:32
182,Guerrero Negro,27.9769,-114.0611,72.64,24,31,2.71,MX,2022-01-28 22:12:18
183,Omsukchan,62.5333,155.8,0.99,95,100,7.76,RU,2022-01-28 22:15:32
184,Sakakah,29.9697,40.2064,44.17,52,34,6.44,SA,2022-01-28 22:15:33
185,Aklavik,68.2191,-135.0107,-16.6,76,20,5.75,CA,2022-01-28 22:15:33
186,Sunrise Manor,36.2111,-115.0731,62.82,9,0,18.41,US,2022-01-28 22:15:33
187,Torbay,47.6666,-52.7314,26.58,86,100,10.36,CA,2022-01-28 22:15:34
188,Umm Kaddadah,13.6017,26.6876,55.98,17,7,14.81,SD,2022-01-28 22:15:34
189,Saint George,37.1041,-113.5841,61.27,16,0,5.01,US,2022-01-28 22:13:04
190,Ilulissat,69.2167,-51.1,17.62,49,100,24.16,GL,2022-01-28 22:15:35
191,Verkhnyaya Inta,65.9811,60.3094,2.01,95,100,6.04,RU,2022-01-28 22:15:35
192,Rio Gallegos,-51.6226,-69.2181,68.05,45,0,23.02,AR,2022-01-28 22:15:35
193,Kaduy,59.2,37.15,18.54,96,99,6.24,RU,2022-01-28 22:15:36
194,Kodiak,57.79,-152.4072,27.91,69,100,19.57,US,2022-01-28 22:15:14
195,Gogrial,8.5332,28.1004,71.64,21,0,6.55,SS,2022-01-28 22:15:36
196,Izhma,65.0083,53.9113,5.07,94,99,8.57,RU,2022-01-28 22:15:37
197,Sao Joao Da Barra,-21.6403,-41.0511,77.18,89,47,16.8,BR,2022-01-28 22:15:37
198,Balao,-2.9167,-79.8167,80.51,92,100,3.76,EC,2022-01-28 22:15:38
199,Cumana,10.4635,-64.1775,80.69,80,20,12.66,VE,2022-01-28 22:15:38
200,Diffa,13.3154,12.6113,65.26,29,1,12.48,NE,2022-01-28 22:15:39
201,Monze,-16.2833,27.4833,64.51,98,93,3.83,ZM,2022-01-28 22:15:39
202,Jacqueville,5.2052,-4.4146,82.31,81,63,10.4,CI,2022-01-28 22:15:40
203,Makat,47.6469,53.3463,26.22,95,98,13.69,KZ,2022-01-28 22:15:40
204,Bahia Blanca,-38.7196,-62.2724,88.41,22,0,12.37,AR,2022-01-28 22:12:13
205,Comodoro Rivadavia,-45.8667,-67.5,64.26,82,75,6.91,AR,2022-01-28 22:15:00
206,Iqaluit,63.7506,-68.5145,-14.31,75,100,15.01,CA,2022-01-28 22:15:41
207,Bima,-8.4667,118.7167,76.48,93,100,0.69,ID,2022-01-28 22:15:41
208,Stolbishche,55.6468,49.216,16.25,85,100,8.99,RU,2022-01-28 22:15:41
209,Nome,64.5011,-165.4064,-9.33,64,0,0.0,US,2022-01-28 22:14:51
210,Auki,-8.7676,160.7034,80.13,86,97,7.0,SB,2022-01-28 22:15:42
211,College,64.8569,-147.8028,4.95,56,75,12.66,US,2022-01-28 22:15:43
212,Barinas,8.6226,-70.2075,93.24,33,25,5.75,VE,2022-01-28 22:15:43
213,Santo Domingo,18.5001,-69.9886,82.04,69,20,3.0,DO,2022-01-28 22:13:03
214,Aksarka,66.5606,67.7975,-7.42,98,97,7.58,RU,2022-01-28 22:15:43
215,Halifax,44.6453,-63.5724,34.68,94,100,4.0,CA,2022-01-28 22:13:57
216,Ankazoabo,-22.2833,44.5167,73.26,70,5,2.95,MG,2022-01-28 22:15:44
217,Sur,22.5667,59.5289,69.01,57,0,3.89,OM,2022-01-28 22:15:44
218,Hasaki,35.7333,140.8333,36.0,48,100,6.33,JP,2022-01-28 22:15:45
219,Hofn,64.2539,-15.2082,31.8,53,52,14.03,IS,2022-01-28 22:15:45
220,Vestmannaeyjar,63.4427,-20.2734,33.87,71,100,16.11,IS,2022-01-28 22:15:45
221,Nuuk,64.1835,-51.7216,23.61,93,100,11.5,GL,2022-01-28 22:15:46
222,Suchitoto,13.9381,-89.0278,89.29,28,10,2.51,SV,2022-01-28 22:15:51
223,Gainesville,29.6516,-82.3248,60.51,66,0,9.22,US,2022-01-28 22:15:52
224,Faanui,-16.4833,-151.75,81.45,74,11,16.2,PF,2022-01-28 22:15:52
225,Erzin,36.9559,36.2,36.32,74,29,4.79,TR,2022-01-28 22:15:52
226,Pangnirtung,66.1451,-65.7125,-13.0,77,100,2.3,CA,2022-01-28 22:15:53
227,Mehamn,71.0357,27.8492,31.91,63,100,4.41,NO,2022-01-28 22:15:53
228,Calatayud,41.3535,-1.6432,43.38,52,0,0.94,ES,2022-01-28 22:15:53
229,Kijang,35.2442,129.2139,35.33,28,100,4.61,KR,2022-01-28 22:15:54
230,Nabire,-3.3667,135.4833,76.8,89,99,2.73,ID,2022-01-28 22:15:54
231,Pangody,65.85,74.4859,-9.6,100,92,7.27,RU,2022-01-28 22:15:55
232,Tessalit,20.1986,1.0114,65.86,15,5,10.83,ML,2022-01-28 22:15:55
233,Nantucket,41.2835,-70.0995,34.14,78,100,4.05,US,2022-01-28 22:14:42
234,Dingle,10.9995,122.6711,74.55,90,34,4.27,PH,2022-01-28 22:15:56
235,Broken Hill,-31.95,141.4333,73.08,60,93,11.77,AU,2022-01-28 22:15:56
236,Toamasina,-18.1667,49.3833,73.4,88,40,6.91,MG,2022-01-28 22:15:56
237,Casablanca,33.5928,-7.6192,60.75,68,9,7.92,MA,2022-01-28 22:14:10
238,Matane,48.8286,-67.522,2.95,86,42,7.31,CA,2022-01-28 22:15:57
239,Anadyr,64.75,177.4833,-4.52,83,100,2.24,RU,2022-01-28 22:15:58
240,Kalianget,-7.05,113.9333,78.31,85,100,7.29,ID,2022-01-28 22:15:58
241,Elko,41.0002,-115.5012,41.02,31,0,2.39,US,2022-01-28 22:15:58
242,Saint-Joseph,-21.3667,55.6167,73.78,72,5,6.69,RE,2022-01-28 22:15:59
243,Okulovka,58.4008,33.2908,24.13,98,100,1.39,RU,2022-01-28 22:15:59
244,Baykit,61.67,96.37,-10.82,100,100,1.83,RU,2022-01-28 22:15:59
245,Hervey Bay,-25.2986,152.8535,80.04,69,41,15.95,AU,2022-01-28 22:16:00
246,San Patricio,28.017,-97.5169,61.93,30,73,12.37,US,2022-01-28 22:16:00
247,Luderitz,-26.6481,15.1594,69.06,72,0,28.19,NA,2022-01-28 22:16:01
248,Vostok,46.4856,135.8833,-12.33,99,100,3.69,RU,2022-01-28 22:16:01
249,Pontian Kecil,1.4801,103.3899,77.38,86,99,6.44,MY,2022-01-28 22:16:02
250,Ejido,8.5514,-71.2375,70.83,86,88,3.67,VE,2022-01-28 22:16:03
251,Acapulco,16.8634,-99.8901,84.02,70,0,9.22,MX,2022-01-28 22:11:14
252,Puteyets,65.1716,57.091,3.9,94,100,9.51,RU,2022-01-28 22:16:04
253,Yarmouth,41.7057,-70.2286,34.14,81,100,5.01,US,2022-01-28 22:16:04
254,Pisco,-13.7,-76.2167,75.25,60,20,19.57,PE,2022-01-28 22:16:04
255,Stornoway,58.2093,-6.3865,51.76,93,75,11.01,GB,2022-01-28 22:16:05
256,Marsh Harbour,26.5412,-77.0636,74.35,76,100,21.61,BS,2022-01-28 22:16:05
257,Riohacha,11.5444,-72.9072,80.2,72,45,17.43,CO,2022-01-28 22:16:06
258,Lokosovo,61.1333,74.8167,-9.69,100,90,4.5,RU,2022-01-28 22:16:06
259,Katsuura,35.1333,140.3,42.12,68,100,8.23,JP,2022-01-28 22:13:26
260,Ixtapa,20.7,-105.2,76.23,69,0,13.8,MX,2022-01-28 22:16:07
261,Shubarkuduk,49.1447,56.4872,19.92,89,100,5.53,KZ,2022-01-28 22:16:07
262,Rorvik,64.8621,11.2373,35.58,100,75,13.8,NO,2022-01-28 22:16:08
263,Timizart,36.8,4.2667,44.65,68,1,4.65,DZ,2022-01-28 22:16:08
264,Vila Franca Do Campo,37.7167,-25.4333,57.61,80,40,8.99,PT,2022-01-28 22:15:45
265,Klaksvik,62.2266,-6.589,43.72,82,91,22.17,FO,2022-01-28 22:16:09
266,Tual,-5.6667,132.75,83.93,73,99,13.35,ID,2022-01-28 22:16:09
267,Prince Rupert,54.3161,-130.3201,41.09,94,100,10.51,CA,2022-01-28 22:12:33
268,Havelock,34.8791,-76.9013,42.8,88,100,1.01,US,2022-01-28 22:16:10
269,Kloulklubed,7.0419,134.2556,77.5,81,84,14.03,PW,2022-01-28 22:16:10
270,Bara,10.3744,10.7288,70.95,28,51,12.44,NG,2022-01-28 22:16:16
271,Samagaltay,50.6022,95.0047,-18.27,96,51,2.19,RU,2022-01-28 22:16:16
272,Jalu,29.0331,21.5482,52.25,67,5,7.83,LY,2022-01-28 22:16:17
273,Turukhansk,65.8167,87.9833,-0.96,94,100,12.39,RU,2022-01-28 22:16:17
274,Eureka,40.8021,-124.1637,66.13,53,100,3.33,US,2022-01-28 22:16:18
275,Katete,-0.7818,29.7544,65.5,61,100,3.87,UG,2022-01-28 22:16:18
276,Jumla,29.2747,82.1838,31.17,36,0,5.35,NP,2022-01-28 22:16:18
277,Sawakin,19.1059,37.3321,69.67,64,74,9.82,SD,2022-01-28 22:16:19
278,Cedar City,37.6775,-113.0619,42.4,28,0,3.44,US,2022-01-28 22:16:19
279,Peterongan,-7.5394,112.2792,74.64,93,100,0.98,ID,2022-01-28 22:16:20
280,Alekseyevsk,57.8406,108.3492,-19.48,100,99,1.97,RU,2022-01-28 22:16:20
281,Nueve De Julio,-35.4444,-60.8831,77.72,64,0,5.39,AR,2022-01-28 22:16:20
282,Olafsvik,64.8945,-23.7142,22.77,67,71,19.71,IS,2022-01-28 22:16:21
283,Selenduma,50.9131,106.2406,-19.3,100,40,1.9,RU,2022-01-28 22:16:21
284,Kaitangata,-46.2817,169.8464,63.93,71,91,0.78,NZ,2022-01-28 22:14:35
285,Carnarvon,-24.8667,113.6333,69.87,94,0,5.75,AU,2022-01-28 22:13:17
286,Atambua,-9.1061,124.8925,74.68,90,100,4.65,ID,2022-01-28 22:16:22
287,Esperance,-33.8667,121.9,61.83,83,0,12.97,AU,2022-01-28 22:16:22
288,Port Hedland,-20.3167,118.5667,80.65,74,40,9.22,AU,2022-01-28 22:15:16
289,Buckeye,33.3703,-112.5838,73.98,14,66,16.11,US,2022-01-28 22:13:13
290,Bassano,50.7834,-112.4685,52.3,53,99,14.54,CA,2022-01-28 22:16:23
291,Mahon,39.8885,4.2658,48.76,87,0,6.91,ES,2022-01-28 22:16:24
292,Codrington,-38.2667,141.9667,63.28,77,95,11.59,AU,2022-01-28 22:16:24
293,Vardo,70.3705,31.1107,30.18,74,75,20.71,NO,2022-01-28 22:13:17
294,Kolosovka,56.4678,73.611,1.71,99,94,4.0,RU,2022-01-28 22:16:25
295,Letnyaya Stavka,45.4306,43.4472,28.89,83,30,9.08,RU,2022-01-28 22:16:25
296,Russell,32.3502,-85.1999,52.88,41,0,19.57,US,2022-01-28 22:16:25
297,Juneau,58.3019,-134.4197,43.21,91,100,7.0,US,2022-01-28 22:15:12
298,Chibuto,-24.6867,33.5306,76.14,68,75,7.74,MZ,2022-01-28 22:16:26
299,Balabac,7.9868,117.0645,78.89,83,100,3.33,PH,2022-01-28 22:16:26
300,Nelson Bay,-32.7167,152.15,78.12,69,1,1.99,AU,2022-01-28 22:16:27
301,Yabelo,4.8833,38.0833,63.86,23,10,6.42,ET,2022-01-28 22:16:27
302,Zyryanskoye,56.8306,86.6258,-4.38,99,61,5.46,RU,2022-01-28 22:16:28
303,Lakes Entrance,-37.8811,147.981,69.57,98,100,6.44,AU,2022-01-28 22:16:28
304,Kuloy,61.0305,42.4925,13.28,93,100,7.34,RU,2022-01-28 22:16:29
305,Clarence Town,-32.5833,151.7833,79.34,66,2,4.07,AU,2022-01-28 22:16:06
306,Bengkulu,-3.8004,102.2655,76.39,86,100,3.51,ID,2022-01-28 22:16:30
307,San Policarpo,12.1791,125.5072,78.4,85,99,3.98,PH,2022-01-28 22:12:19
308,Ahipara,-35.1667,173.1667,71.1,58,100,11.88,NZ,2022-01-28 22:16:30
309,Saint-Francois,46.4154,3.9054,33.67,97,100,3.44,FR,2022-01-28 22:16:31
310,Ambon,-3.6954,128.1814,77.14,88,20,3.44,ID,2022-01-28 22:16:31
311,Chapais,49.7834,-74.8492,-13.22,95,99,3.15,CA,2022-01-28 22:16:32
312,Matadi,-5.8167,13.45,75.72,92,99,3.42,CD,2022-01-28 22:16:32
313,Beringovskiy,63.05,179.3167,-3.39,95,99,2.51,RU,2022-01-28 22:16:32
314,Broome,42.2506,-75.833,22.37,80,100,3.0,US,2022-01-28 22:16:33
315,Barkhan,29.8977,69.5256,46.15,44,0,0.76,PK,2022-01-28 22:16:33
316,Miyang,24.4042,103.4428,48.13,90,26,2.68,CN,2022-01-28 22:16:34
317,Cap-Aux-Meules,47.3821,-61.8597,28.45,93,100,8.05,CA,2022-01-28 22:16:34
318,Korla,41.7597,86.1469,21.11,64,0,4.92,CN,2022-01-28 22:16:35
319,Lompoc,34.6391,-120.4579,74.7,38,0,9.22,US,2022-01-28 22:16:40
320,Gat,31.61,34.7642,48.88,100,63,6.82,IL,2022-01-28 22:15:03
321,Porto Novo,6.4965,2.6036,77.23,78,69,3.89,BJ,2022-01-28 22:16:41
322,North Bend,43.4065,-124.2243,59.16,78,0,3.44,US,2022-01-28 22:14:49
323,Angoche,-16.2325,39.9086,75.87,87,0,6.55,MZ,2022-01-28 22:16:41
324,Urut,41.0714,44.3964,5.76,81,24,6.2,AM,2022-01-28 22:16:42
325,Kahului,20.8947,-156.47,82.42,62,40,10.36,US,2022-01-28 22:16:42
326,Oksbol,55.6268,8.2876,42.91,92,100,24.14,DK,2022-01-28 22:16:43
327,Kutum,14.2,24.6667,52.88,17,4,11.03,SD,2022-01-28 22:16:43
328,Salina,38.8403,-97.6114,44.31,39,0,0.0,US,2022-01-28 22:12:15
329,Calama,-22.4667,-68.9333,73.89,21,3,31.07,CL,2022-01-28 22:16:43
330,Biak,-0.9131,122.8766,76.71,81,100,3.74,ID,2022-01-28 22:16:44
331,Petrivka,46.9695,30.9591,32.45,87,87,12.01,UA,2022-01-28 22:16:44
332,Linfen,36.0889,111.5189,31.28,76,15,1.3,CN,2022-01-28 22:16:45
333,Derzhavinsk,51.1,66.3167,4.8,83,98,7.9,KZ,2022-01-28 22:16:45
334,Khasan,42.4308,130.6434,16.12,55,0,20.45,RU,2022-01-28 22:16:45
335,Thompson,55.7435,-97.8558,-5.64,71,100,6.91,CA,2022-01-28 22:15:38
336,Urucara,-2.5364,-57.76,76.24,94,99,2.08,BR,2022-01-28 22:16:46
337,Khartoum,15.5518,32.5324,63.01,18,5,1.99,SD,2022-01-28 22:14:46
338,Wysokie Mazowieckie,52.9166,22.5171,34.38,76,93,20.76,PL,2022-01-28 22:16:47
339,Sinnamary,5.3833,-52.95,75.69,87,39,9.1,GF,2022-01-28 22:16:47
340,Akureyri,65.6835,-18.0878,28.33,46,75,12.66,IS,2022-01-28 22:16:48
341,Anage,-14.6122,-41.1356,75.69,75,50,3.42,BR,2022-01-28 22:16:48
342,Riyadh,24.6877,46.7219,51.94,34,2,7.09,SA,2022-01-28 22:12:45
343,Ngorongoro,-3.2397,35.4875,54.43,86,100,3.44,TZ,2022-01-28 22:16:49
344,Navahrudak,53.6,25.8333,27.48,92,100,19.19,BY,2022-01-28 22:16:50
345,Moron,-34.6534,-58.6198,77.0,29,0,6.35,AR,2022-01-28 22:16:50
346,Tiksi,71.6872,128.8694,-5.4,99,99,7.61,RU,2022-01-28 22:16:50
347,Wagar,16.1525,36.2032,65.95,62,23,13.29,SD,2022-01-28 22:16:51
348,Padang,-0.9492,100.3543,76.77,85,88,4.34,ID,2022-01-28 22:16:51
349,Alice Springs,-23.7,133.8833,74.75,94,100,9.22,AU,2022-01-28 22:16:46
350,Nishihara,26.1842,127.7558,64.45,97,100,5.75,JP,2022-01-28 22:16:52
351,Canto Do Buriti,-8.11,-42.9444,72.21,93,100,1.81,BR,2022-01-28 22:16:52
352,Saldanha,-33.0117,17.9442,64.2,81,0,22.26,ZA,2022-01-28 22:12:07
353,Tazovskiy,67.4667,78.7,0.99,97,98,6.22,RU,2022-01-28 22:16:52
354,Khandyga,62.6667,135.6,-40.29,99,90,2.8,RU,2022-01-28 22:16:53
355,Muros,42.7762,-9.0603,47.84,75,0,8.1,ES,2022-01-28 22:16:53
356,Plainview,40.7765,-73.4673,33.49,78,75,1.01,US,2022-01-28 22:16:54
357,Cortez,37.3489,-108.5859,44.37,31,0,0.0,US,2022-01-28 22:16:54
358,Esmeraldas,-19.7625,-44.3139,82.71,80,76,1.43,BR,2022-01-28 22:16:54
359,Shuangcheng,45.35,126.2833,-4.32,93,14,7.54,CN,2022-01-28 22:16:55
360,Hong Gai,20.956,107.0946,67.91,92,71,7.4,VN,2022-01-28 22:16:55
361,Longyearbyen,78.2186,15.6401,4.84,78,20,16.11,SJ,2022-01-28 22:16:56
362,Laja,-37.2667,-72.7,73.69,43,0,10.96,CL,2022-01-28 22:16:56
363,Lufilufi,-13.8745,-171.5986,82.18,75,38,20.31,WS,2022-01-28 22:16:56
364,Moyobamba,-6.05,-76.9667,78.12,68,100,1.5,PE,2022-01-28 22:17:02
365,Aykhal,66.0,111.5,-15.7,100,62,4.68,RU,2022-01-28 22:17:02
366,Filadelfia,39.9523,-75.1638,34.7,85,100,3.0,US,2022-01-28 22:13:39
367,Svecha,58.2785,47.5164,9.39,98,100,6.06,RU,2022-01-28 22:17:03
368,Gamba,-2.65,10.0,76.28,86,70,2.68,GA,2022-01-28 22:17:03
369,Trincomalee,8.5711,81.2335,78.67,83,62,17.29,LK,2022-01-28 22:17:04
370,Chara,56.9064,118.2631,-15.81,87,32,1.19,RU,2022-01-28 22:17:04
371,Kattivakkam,13.2167,80.3167,78.08,81,99,11.21,IN,2022-01-28 22:17:04
372,Vung Tau,10.346,107.0843,75.99,81,69,2.51,VN,2022-01-28 22:16:53
373,Fougamou,-1.2154,10.5838,74.66,91,65,2.01,GA,2022-01-28 22:17:05
374,Gao,16.6362,1.637,67.14,16,0,12.37,ML,2022-01-28 22:17:05
375,Ossora,59.2353,163.0719,33.39,91,100,19.64,RU,2022-01-28 22:17:06
376,Salalah,17.0151,54.0924,73.49,64,0,3.44,OM,2022-01-28 22:17:06
377,Balad,34.0164,44.1453,48.45,48,100,4.52,IQ,2022-01-28 22:17:06
378,Belaya Gora,68.5333,146.4167,-28.35,96,100,3.15,RU,2022-01-28 22:17:07
379,Meiganga,6.5167,14.3,67.41,27,65,7.14,CM,2022-01-28 22:17:07
380,Porto Nacional,-10.7081,-48.4172,73.4,93,73,3.8,BR,2022-01-28 22:17:08
381,Erice,38.037,12.5865,46.87,76,40,11.5,IT,2022-01-28 22:17:08
382,Hamilton,39.1834,-84.5333,24.08,89,100,14.97,US,2022-01-28 22:17:09
383,Bose,45.4612,8.0137,44.02,45,61,2.06,IT,2022-01-28 22:17:09
384,Marshfield,44.6689,-90.1718,15.24,44,100,8.05,US,2022-01-28 22:17:09
385,Tura,25.5198,90.2201,49.68,54,0,3.4,IN,2022-01-28 22:17:10
386,Bitung,1.4451,125.1824,76.05,87,76,6.73,ID,2022-01-28 22:17:10
387,Ahuimanu,21.4447,-157.8378,80.31,63,40,3.0,US,2022-01-28 22:17:10
388,Hambantota,6.1241,81.1185,74.41,88,36,5.79,LK,2022-01-28 22:17:11
389,Palitana,21.5167,71.8333,61.29,39,0,6.82,IN,2022-01-28 22:17:11
390,Laguna,38.421,-121.4238,68.23,51,0,1.99,US,2022-01-28 22:13:02
391,Una,20.8167,71.0333,63.93,32,2,8.16,IN,2022-01-28 22:17:12
392,Smithers,54.7804,-127.1743,26.92,74,100,4.61,CA,2022-01-28 22:17:12
393,Richards Bay,-28.783,32.0377,74.57,86,100,13.94,ZA,2022-01-28 22:17:13
394,Taybad,34.74,60.7756,39.87,87,10,12.35,IR,2022-01-28 22:17:13
395,Pimenta Bueno,-11.6725,-61.1936,76.44,95,86,4.03,BR,2022-01-28 22:17:13
396,Ust-Kuyga,70.0167,135.6,-23.64,99,100,1.5,RU,2022-01-28 22:17:14
397,Puri,19.8,85.85,55.92,60,62,7.43,IN,2022-01-28 22:17:14
398,Tocopilla,-22.092,-70.1979,67.96,75,22,4.29,CL,2022-01-28 22:17:14
399,Bokoro,12.3807,17.0568,67.35,16,1,13.22,TD,2022-01-28 22:17:15
400,Banjar,-8.19,114.9675,80.46,89,100,0.78,ID,2022-01-28 22:17:15
401,Porto Seguro,-16.4497,-39.0647,81.12,78,20,9.22,BR,2022-01-28 22:17:15
402,Mayna,54.1135,47.6231,5.61,100,98,3.8,RU,2022-01-28 22:17:16
403,Tungor,53.3808,142.9564,-19.25,94,7,8.88,RU,2022-01-28 22:17:16
404,Barcelona,41.3888,2.159,56.86,47,0,4.0,ES,2022-01-28 22:15:26
405,Panama City,8.9936,-79.5197,88.93,57,20,13.8,PA,2022-01-28 22:16:48
406,Hovd,48.0056,91.6419,-11.22,75,12,5.7,MN,2022-01-28 22:17:17
407,Ottumwa,41.02,-92.4113,18.81,58,0,3.0,US,2022-01-28 22:17:18
408,Ocos,14.5094,-92.1933,91.9,61,2,12.75,GT,2022-01-28 22:17:18
409,Opuwo,-18.0607,13.84,67.51,51,7,7.47,NA,2022-01-28 22:17:18
410,Carballo,43.213,-8.691,46.76,87,0,3.96,ES,2022-01-28 22:17:19
411,Despotovac,44.0925,21.4469,33.13,99,99,9.75,RS,2022-01-28 22:17:19
412,Florianopolis,-27.6146,-48.5012,70.43,93,100,3.44,BR,2022-01-28 22:17:20
413,Labuan,5.2767,115.2417,77.36,94,20,0.0,MY,2022-01-28 22:17:20
414,Harper,4.375,-7.7169,79.9,81,58,8.03,LR,2022-01-28 22:17:25
415,Medvedok,57.3891,50.0351,18.86,95,100,6.73,RU,2022-01-28 22:17:26
416,Nouadhibou,20.931,-17.0347,64.38,77,100,12.66,MR,2022-01-28 22:17:26
417,Kaihua,23.3687,104.28,50.02,96,72,5.03,CN,2022-01-28 22:17:27
418,Te Anau,-45.4167,167.7167,62.56,56,58,6.64,NZ,2022-01-28 22:17:27
419,Darnah,32.767,22.6367,54.0,70,4,11.65,LY,2022-01-28 22:17:28
420,Herzberg,51.6869,13.2202,39.16,75,75,6.91,DE,2022-01-28 22:17:28
421,Gravdal,68.1214,13.5031,26.49,74,75,6.91,NO,2022-01-28 22:17:28
422,Tashtagol,52.7657,87.8894,-6.39,100,89,2.93,RU,2022-01-28 22:17:29
423,Shubarshi,48.5872,57.1869,16.83,92,100,3.51,KZ,2022-01-28 22:17:29
424,Koumac,-20.5667,164.2833,83.52,68,97,5.46,NC,2022-01-28 22:17:30
425,Kamenka,51.3223,42.7678,18.75,95,100,11.92,RU,2022-01-28 22:17:30
426,Aksu,41.1231,80.2644,21.22,53,17,1.66,CN,2022-01-28 22:17:31
427,Gornopravdinsk,60.05,69.9,-6.61,100,100,3.69,RU,2022-01-28 22:17:31
428,Sabha,27.0377,14.4283,48.27,40,100,5.77,LY,2022-01-28 22:17:31
429,Atasu,48.6814,71.6433,8.44,75,99,9.37,KZ,2022-01-28 22:17:32
430,Mocuba,-16.8392,36.9856,71.46,99,11,3.31,MZ,2022-01-28 22:13:26
431,Liaozhong,41.5061,122.7242,-1.71,57,0,4.21,CN,2022-01-28 22:17:32
432,Tagusao,9.1924,117.8141,78.01,80,77,3.74,PH,2022-01-28 22:17:33
433,Emba,48.8264,58.1442,14.36,91,100,2.98,KZ,2022-01-28 22:17:34
434,Roma,43.2128,-75.4557,21.43,75,100,8.05,US,2022-01-28 22:17:34
435,Palmer,42.1584,-72.3287,32.65,60,75,0.0,US,2022-01-28 22:17:34
436,Takaka,-40.85,172.8,70.56,57,78,4.81,NZ,2022-01-28 22:17:35
437,Vestmanna,62.1564,-7.1664,41.92,70,100,17.27,FO,2022-01-28 22:17:35
438,Alofi,-19.0595,-169.9187,85.89,70,86,13.8,NU,2022-01-28 22:17:36
439,Tokur,53.1333,132.9,-36.67,100,57,2.62,RU,2022-01-28 22:17:36
440,Nakambala,-15.8324,27.7799,66.16,97,100,3.98,ZM,2022-01-28 22:17:36
441,Camargo,27.6667,-105.1667,56.82,40,61,13.71,MX,2022-01-28 22:17:37
442,Manggar,-2.8833,108.2667,78.6,80,100,6.2,ID,2022-01-28 22:17:37
443,Tokat,40.4167,36.5833,4.44,83,34,6.4,TR,2022-01-28 22:17:38
444,Elbistan,38.2059,37.1983,-1.75,93,50,0.31,TR,2022-01-28 22:17:38
445,Mackay,-21.15,149.2,80.69,73,23,12.93,AU,2022-01-28 22:15:57
446,Cornwall,45.0181,-74.7281,4.24,43,0,4.61,CA,2022-01-28 22:14:53
447,Vikhorevka,56.1201,101.1636,-8.01,100,100,1.25,RU,2022-01-28 22:17:39
448,Jati,24.3539,68.2671,61.54,52,0,5.48,PK,2022-01-28 22:17:39
449,Winsum,53.33,6.5208,44.98,88,100,17.94,NL,2022-01-28 22:17:40
450,Grand Gaube,-20.0064,57.6608,79.2,80,4,1.99,MU,2022-01-28 22:17:40
451,Krasnaya Zarya,52.7825,37.6806,27.39,97,100,9.1,RU,2022-01-28 22:17:41
452,Batagay-Alyta,67.8006,130.4114,-11.15,94,86,5.14,RU,2022-01-28 22:17:41
453,San Cristobal,7.7669,-72.225,77.18,53,74,5.19,VE,2022-01-28 22:16:16
454,Verkhoyansk,67.5447,133.385,-36.42,100,84,2.8,RU,2022-01-28 22:17:42
455,Glen Allen,37.666,-77.5064,43.25,51,100,1.01,US,2022-01-28 22:15:11
456,Sobolevo,54.4299,31.8996,31.6,99,100,6.13,RU,2022-01-28 22:17:47
457,Tautira,-17.7333,-149.15,86.02,76,25,17.4,PF,2022-01-28 22:17:48
458,Komsomolskiy,40.4272,71.7189,36.82,41,40,6.91,UZ,2022-01-28 22:17:48
459,Tahe,52.3333,124.7333,2.28,74,45,9.82,CN,2022-01-28 22:17:48
460,Guabito,9.5,-82.6167,80.49,68,39,5.75,PA,2022-01-28 22:17:49
461,Santiago Del Estero,-27.7951,-64.2615,83.34,42,6,5.19,AR,2022-01-28 22:17:49
462,Billings,45.7833,-108.5007,47.52,30,100,25.32,US,2022-01-28 22:17:50
463,Leningradskiy,69.3833,178.4167,-11.7,95,79,2.1,RU,2022-01-28 22:17:50
464,Fort-Shevchenko,44.5086,50.263,32.58,68,56,15.03,KZ,2022-01-28 22:17:50
465,High Rock,26.6208,-78.2833,69.82,66,100,21.3,BS,2022-01-28 22:17:51
466,Norman Wells,65.282,-126.8329,-5.76,71,100,6.91,CA,2022-01-28 22:17:51
467,Tupi Paulista,-21.3811,-51.5706,73.8,85,100,8.19,BR,2022-01-28 22:17:51
468,Umarizal,-5.9906,-37.8144,76.42,79,92,11.86,BR,2022-01-28 22:17:52
469,Upernavik,72.7868,-56.1549,2.44,64,100,8.95,GL,2022-01-28 22:14:39
470,Urusha,54.05,122.9,-5.01,88,25,4.97,RU,2022-01-28 22:17:52
471,Saint-Georges,12.0564,-61.7485,78.48,78,20,11.5,GD,2022-01-28 22:15:35
472,Novo Aripuana,-5.1206,-60.3797,73.69,94,100,1.77,BR,2022-01-28 22:17:53
473,Dakar,14.6937,-17.4441,70.68,71,100,19.73,SN,2022-01-28 22:14:17
474,Am Timan,11.0297,20.2827,73.09,19,12,6.82,TD,2022-01-28 22:17:53
475,Sorland,67.667,12.6934,26.67,65,100,21.0,NO,2022-01-28 22:17:54
476,Kokopo,-4.352,152.2633,79.86,79,100,4.76,PG,2022-01-28 22:17:54
477,Los Llanos De Aridane,28.6585,-17.9182,55.15,63,0,10.36,ES,2022-01-28 22:17:54
478,Gunjur,13.2019,-16.7339,73.47,68,0,6.91,GM,2022-01-28 22:17:55
479,Tezu,27.9167,96.1667,50.05,53,0,4.54,IN,2022-01-28 22:17:55
480,Kavieng,-2.5744,150.7967,82.58,75,99,5.88,PG,2022-01-28 22:17:55
481,Jaltenango,15.8719,-92.7247,84.88,37,23,4.14,MX,2022-01-28 22:17:56
482,Egvekinot,66.3167,-179.1667,-5.3,90,26,2.95,RU,2022-01-28 22:17:56
483,Tignere,7.3667,12.65,64.99,25,52,2.62,CM,2022-01-28 22:17:57
484,Novouzensk,50.4592,48.1431,4.48,100,98,5.68,RU,2022-01-28 22:17:57
485,Morant Bay,17.8815,-76.4093,82.02,75,52,4.97,JM,2022-01-28 22:17:57
486,Notre-Dame-Du-Lac,47.6136,-68.7964,7.25,95,88,4.74,CA,2022-01-28 22:17:58
487,Xam Nua,20.4197,104.0439,55.85,96,62,2.57,LA,2022-01-28 22:17:58
488,Kuybysheve,47.358,36.6491,32.2,98,100,13.15,UA,2022-01-28 22:17:59
489,San Rafael,-34.6177,-68.3301,86.11,34,0,16.73,AR,2022-01-28 22:14:16
490,Coahuayana,18.7333,-103.6833,90.88,47,25,7.81,MX,2022-01-28 22:17:59
491,George,-33.963,22.4617,62.15,94,100,2.3,ZA,2022-01-28 22:17:59
492,Tepetzintla,21.1667,-97.8333,60.96,89,100,12.59,MX,2022-01-28 22:18:00
493,Changli,39.7042,119.1506,19.04,40,5,3.58,CN,2022-01-28 22:18:00
494,Plettenberg Bay,-34.0527,23.3716,63.3,79,35,2.53,ZA,2022-01-28 22:18:01
495,Huacho,-11.1067,-77.605,72.54,75,100,9.6,PE,2022-01-28 22:18:01
496,Waingapu,-9.6567,120.2641,77.7,86,100,6.46,ID,2022-01-28 22:18:02
497,Sant Feliu De Guixols,41.7833,3.0333,57.22,51,0,6.67,ES,2022-01-28 22:18:02
498,Gizo,-8.103,156.8419,82.98,73,87,7.31,SB,2022-01-28 22:18:03
499,Santa Ana Arriba,19.3,-70.35,85.05,72,19,9.37,DO,2022-01-28 22:18:03
500,Presidencia Roque Saenz Pena,-26.7852,-60.4388,92.16,19,4,9.46,AR,2022-01-28 22:18:04
501,Aswan,24.0934,32.907,49.8,42,0,12.57,EG,2022-01-28 22:18:04
502,Veraval,20.9,70.3667,66.43,34,3,8.77,IN,2022-01-28 22:18:04
503,Zelenoborsk,61.4669,64.0333,-10.41,100,96,3.65,RU,2022-01-28 22:18:05
504,Esmeralda,21.8525,-78.1169,88.84,47,0,4.7,CU,2022-01-28 22:18:10
505,Corralillo,22.9819,-80.5856,74.26,71,95,14.38,CU,2022-01-28 22:18:11
506,Najran,17.4924,44.1277,57.47,25,1,3.2,SA,2022-01-28 22:13:18
507,Mandalgovi,45.7625,106.2708,4.68,96,100,3.8,MN,2022-01-28 22:18:11
508,Begoro,6.3871,-0.3774,72.64,66,47,3.56,GH,2022-01-28 22:18:11
509,Plunge,55.9114,21.8442,32.59,72,15,12.55,LT,2022-01-28 22:18:12
510,Sayat,38.7839,63.8803,35.47,70,69,10.67,TM,2022-01-28 22:18:12
511,Jining,35.405,116.5814,30.34,43,42,1.45,CN,2022-01-28 22:18:13
512,Igarka,67.4667,86.5833,-0.06,94,100,17.94,RU,2022-01-28 22:18:13
513,Key West,24.5557,-81.7826,75.2,72,0,10.36,US,2022-01-28 22:18:13
514,Banfora,10.6333,-4.7667,80.49,15,7,5.26,BF,2022-01-28 22:18:14
515,Jermuk,39.8417,45.6723,11.14,95,89,0.94,AM,2022-01-28 22:18:14
516,Baghmara,23.795,86.2085,54.45,61,0,6.26,IN,2022-01-28 22:18:15
517,Saint-Leu,-21.15,55.2833,74.26,71,9,3.94,RE,2022-01-28 22:18:15
518,Saint Anthony,45.0205,-93.218,14.29,54,100,4.0,US,2022-01-28 22:15:37
519,Talaya,61.3833,152.75,-10.08,99,100,5.66,RU,2022-01-28 22:18:15
520,Parkes,-33.1333,148.1833,80.35,65,100,1.99,AU,2022-01-28 22:18:16
521,Bone,51.9669,12.1396,39.29,82,100,8.08,DE,2022-01-28 22:18:16
522,Carutapera,-1.195,-46.02,74.68,94,100,9.75,BR,2022-01-28 22:18:17
523,High Level,58.5169,-117.136,21.31,86,75,5.75,CA,2022-01-28 22:18:17
524,Port Lincoln,-34.7333,135.8667,66.87,75,86,15.23,AU,2022-01-28 22:18:18
525,Gojo,34.35,135.7,43.47,83,93,1.92,JP,2022-01-28 22:18:18
526,Coruripe,-10.1256,-36.1756,80.35,77,100,14.14,BR,2022-01-28 22:18:14
527,Nhulunbuy,-12.2333,136.7667,83.01,83,100,10.36,AU,2022-01-28 22:18:18
528,Xining,36.6167,101.7667,8.8,87,88,3.22,CN,2022-01-28 22:18:19
529,Port Hardy,50.6996,-127.4199,46.76,76,75,8.05,CA,2022-01-28 22:15:37
530,Patea,-39.7583,174.4833,71.67,43,99,3.44,NZ,2022-01-28 22:18:20
531,Khakhea,-24.6895,23.494,74.53,61,33,11.72,BW,2022-01-28 22:18:20
532,Hauterive,46.0901,3.4459,34.56,93,70,1.5,FR,2022-01-28 22:18:21
533,Solnechnyy,50.7214,136.6319,-8.03,98,100,2.48,RU,2022-01-28 22:18:21
534,Changping,40.2186,116.2197,23.65,38,0,5.68,CN,2022-01-28 22:18:21
535,Cairns,-16.9167,145.7667,80.06,94,100,9.22,AU,2022-01-28 22:18:22
536,Pavilosta,56.8879,21.1859,35.55,61,22,20.02,LV,2022-01-28 22:18:22
537,Ulaangom,49.9811,92.0667,-21.95,88,89,3.22,MN,2022-01-28 22:18:23
538,Zeya,53.75,127.2667,-7.11,85,32,5.68,RU,2022-01-28 22:18:23
539,Scarborough,54.2797,-0.4044,50.92,84,96,5.99,GB,2022-01-28 22:15:18
540,Evensk,61.95,159.2333,16.93,69,100,29.33,RU,2022-01-28 22:18:24
541,Insar,53.8653,44.3738,8.8,96,98,9.15,RU,2022-01-28 22:18:24
542,Fomboni,-12.28,43.7425,81.43,70,87,5.46,KM,2022-01-28 22:18:24
543,Dzilam Gonzalez,21.2833,-88.9333,76.08,67,43,10.22,MX,2022-01-28 22:18:25
544,Quatre Cocos,-20.2078,57.7625,78.91,82,27,9.86,MU,2022-01-28 22:18:25
545,Sistranda,63.7256,8.834,37.36,80,100,16.2,NO,2022-01-28 22:18:25
546,Bambanglipuro,-7.95,110.2833,75.04,87,88,4.12,ID,2022-01-28 22:18:26
547,Funadhoo,6.15,73.2667,81.5,67,18,17.65,MV,2022-01-28 22:18:26
548,Denia,38.8408,0.1057,55.85,46,26,1.99,ES,2022-01-28 22:18:27
549,San Miguel,13.4833,-88.1833,93.02,32,17,7.07,SV,2022-01-28 22:18:32
550,Tucuman,-26.8241,-65.2226,77.0,57,20,4.61,AR,2022-01-28 22:18:32
551,Okha,53.5739,142.9478,-17.59,95,10,10.63,RU,2022-01-28 22:18:33
